,Област / Община,Площ km2,Население,Население.1,Население.2,Население.3,Население.4,Население.5,Население.6,Население.7,Население.8,Население.9,Брой общ.,Гр.,Села,Общо
0,Област / Община,Площ km2,31.12. 1934,31.12. 1946,1.12. 1956,1.12. 1965,2.12. 1975,4.12. 1985,4.12. 1992,1.3. 2001,1.2. 2011,7.9. 2021,Брой общ.,Гр.,Села,Общо
1,България,"111 122,147",6 396 711,7 029 349,7 613 709,8 227 866,8 727 771,8 948 649,8 487 317,7 928 901,7 364 570,6 519 789,266,255,5 000,5 255
2,Благоевград,"6 449,571",205 511,250 985,279 219,301 157,321 854,344 195,351 637,341 173,323 552,292 227,14,13,261,274
3,Банско,475881,10 963,12 197,13 107,14 178,16 212,15 442,14 600,13 980,13 125,12 722,,2,6,8
4,Белица,227477,9069,9744,7834,9105,9698,9757,10 117,9620,9927,9206,,1,11,12
5,Благоевград,620118,28 531,34 060,39 248,45 569,58 812,72 681,78 810,78 133,77 441,69 078,,1,25,26
6,Гоце Делчев,330210,17 569,21 740,24 268,26 491,28 915,32 110,33 074,32 571,31 236,29 383,,1,11,12
7,Гърмен,388479,11 417,13 007,13 383,13 678,13 269,14 636,15 014,14 934,14 981,14 861,,–,16,16
8,Кресна,344549,5597,6771,7675,8366,7623,7108,6947,6255,5441,4546,,1,6,7
9,Петрич,650132,30 723,41 394,48 073,53 055,55 190,57 483,57 829,57 689,54 006,47 939,,1,54,55
10,Разлог,506470,14 272,16 306,17 628,20 317,24 211,24 211,23 501,22 081,20 598,18 910,,1,7,8
11,Сандански,998416,24 456,34 702,39 989,42 260,42 090,45 143,45 097,43 109,40 470,35 885,,2,52,54
12,Сатовча,332591,9195,10 747,11 761,13 527,15 234,16 851,18 350,17 889,15 444,13 422,,–,14,14
13,Симитли,553004,14 666,17 323,19 313,18 080,16 667,16 722,16 840,16 049,14 283,13 200,,1,17,18
14,Струмяни,355190,10 456,12 797,13 773,13 067,10 609,8719,7957,6829,5778,4634,,–,21,21
15,Хаджидимово,327778,12 025,14 906,14 133,13 252,12 041,12 219,12 147,10 926,10 091,8860,,1,14,15
16,Якоруда,339276,4572,5291,9034,10 212,11 283,11 113,11 354,11 108,10 731,9581,,1,7,8
17,Бургас,"7 748,070",284 931,318 947,355 079,388 877,421 452,449 521,441 085,423 552,415 817,380 286,13,18,232,250
18,Айтос,402866,20 875,21 736,24 171,28 955,31 982,33 807,32 210,30 549,28 687,25 481,,1,16,17
19,Бургас,559151,53 778,65 677,95 535,135 201,180 715,210 670,212 410,209 417,212 902,196 582,,2,10,12
20,Камено,354946,14 766,16 595,16 714,16 901,16 834,14 103,13 289,12 453,10 393,9545,,1,12,13
21,Карнобат,835468,37 613,40 994,41 516,41 080,37 909,34 817,32 731,29 871,25 477,20 840,,1,30,31
22,Малко Търново,783672,10 399,10 859,11 485,10 742,7782,7036,6373,4551,3793,2628,,1,12,13
23,Несебър,420433,11 838,13 526,13 803,14 276,16 542,18 186,18 871,19 113,22 348,23 760,,3,11,14
24,Поморие,413189,17 994,19 744,20 800,23 157,25 612,27 416,27 746,27 370,27 658,25 406,,2,15,17
25,Приморско,350084,3637,4873,4832,3980,4003,4666,4143,4079,6064,5618,,2,4,6
26,Руен,689937,26 312,28 010,29 667,30 762,30 892,33 753,30 881,28 833,29 101,26 385,,–,41,41
27,Созопол,480067,16 645,18 447,20 413,17 813,15 886,15 765,14 971,14 277,12 610,11 984,,1,11,12
28,Средец,1149878,35 717,39 203,38 935,29 804,22 603,21 303,19 868,17 396,14 934,13 145,,1,32,33
29,Сунгурларе,794967,27 101,29 381,26 218,25 572,21 082,18 273,16 958,15 409,12 559,10 583,,1,27,28
30,Царево,513402,8256,9902,10 990,10 634,9610,9726,10 634,10 229,9291,8329,,2,11,13
31,Варна,"3 827,428",256 425,266 617,314 163,366 855,431 024,464 945,462 970,462 013,475 074,432 198,12,11,148,159
32,Аврен,353776,16 976,17 686,15 842,12 934,11 269,9109,8817,8714,8574,8297,,–,17,17
33,Аксаково,460536,19 752,18 662,16 741,14 743,17 182,16 534,17 994,19 118,20 426,19 499,,2,21,23
34,Белослав,60079,3823,4189,7055,10 084,12 143,11 448,11 079,11 131,11 023,9870,,1,3,4
35,Бяла,161842,5455,5260,5461,4976,4346,4019,3787,3413,3242,3006,,1,5,6
36,Варна,238495,76 664,83 845,127 160,188 047,258 613,309 875,315 336,320 464,343 704,319 613,,1,5,6
37,Ветрино,292333,15 944,15 854,14 620,13 206,11 379,9180,7990,7023,5415,4508,,–,10,10
38,Вълчи дол,472518,28 950,27 448,26 665,24 101,20 014,16 484,14 792,12 973,10 052,7608,,1,21,22
39,Девня,121052,6000,6405,9661,12 231,13 923,10 735,9390,9683,8730,7230,,1,2,3
40,Долни чифлик,489093,17 324,19 293,21 607,20 791,20 535,20 782,20 944,20 217,19 360,15 666,,1,16,17
41,Дългопол,440945,20 687,21 589,22 217,20 882,18 797,18 105,16 514,15 901,14 389,12 208,,1,16,17
42,Провадия,520882,33 363,34 746,36 366,34 691,33 413,30 434,28 414,25 718,22 934,18 202,,1,24,25
43,Суворово,215877,11 497,11 640,10 768,10 169,9410,8240,7913,7658,7225,6491,,1,8,9
44,Велико Търново,"4 661,572",334 622,352 697,344 902,339 248,349 018,339 992,318 251,293 172,258 494,207 371,10,14,322,336
45,Велико Търново,885345,68 166,68 761,69 456,76 021,91 162,97 981,93 796,90 432,88 670,76 718,,3,86,89
46,Горна Оряховица,317807,38 881,42 167,45 133,51 833,58 413,62 634,58 304,53 131,46 685,38 456,,2,12,14
47,Елена,671389,27 209,26 676,24 870,19 213,16 546,14 722,13 581,11 339,9434,7737,,1,123,124
48,Златарица,232676,12 463,14 328,10 994,9176,7491,6316,5855,4948,3991,3363,,1,23,24
49,Лясковец,177373,18 686,18 623,18 120,19 462,19 454,18 401,17 479,15 570,13 397,11 468,,1,5,6
50,Павликени,622690,46 611,49 679,49 118,47 606,43 191,38 601,35 238,31 312,23 869,18 737,,2,18,20
51,Полски Тръмбеш,463652,34 557,37 001,35 803,30 344,27 277,23 610,21 150,18 678,14 451,11 169,,1,14,15
52,Свищов,625321,43 870,48 637,51 693,52 098,56 264,52 779,50 177,47 629,42 734,27 595,,1,15,16
53,Стражица,508297,35 056,36 468,31 839,26 995,23 750,20 699,18 759,16 504,12 721,10 128,,1,21,22
54,Сухиндол,157022,9126,10 357,7876,6500,5470,4249,3912,3629,2542,2000,,1,5,6
55,Видин,"3 054,405",191 787,194 007,188 525,176 617,174 037,162 084,151 636,130 074,101 018,75 408,11,7,133,140
56,Белоградчик,410665,14 632,14 513,13 650,12 862,12 255,11 072,9921,8217,6602,5049,,1,17,18
57,Бойница,187361,10 037,9949,8805,7297,5466,4121,3330,2270,1341,763,,–,8,8
58,Брегово,179223,16 313,15 767,14 603,13 184,12 144,10 269,9181,7515,5514,3926,,1,9,10
59,Видин,512932,55 071,56 078,60 298,67 213,82 484,87 202,85 974,77 480,63 257,47 847,,2,32,34
60,Грамада,184213,10 814,11 096,10 502,8199,6100,4818,4126,3196,2007,1345,,1,7,8
61,Димово,402493,23 011,23 402,21 962,18 500,14 925,12 136,10 644,8783,6514,4810,,1,22,23
62,Кула,279370,17 833,18 176,17 776,14 732,12 266,10 116,8676,6792,4717,3292,,1,8,9
63,Макреш,228790,10 534,10 664,9414,7531,5876,4356,3624,2550,1630,1067,,–,7,7
64,Ново село,109487,10 406,10 289,9018,8396,7187,5784,5227,4206,2979,2375,,–,5,5
65,Ружинци,232555,13 649,14 623,14 131,11 785,9722,7755,7138,6061,4374,3299,,–,10,10
66,Чупрене,327316,9487,9450,8366,6918,5612,4455,3795,3004,2083,1635,,–,8,8
67,Враца,"3 618,769",269 291,289 811,292 555,294 090,297 459,286 929,270 679,243 036,186 848,152 813,10,8,114,122
68,Борован,210729,11 817,16 312,15 068,13 443,11 311,9179,8086,7150,5714,4839,,–,5,5
69,Бяла Слатина,545510,44 073,46 578,47 889,46 313,43 538,38 992,36 340,31 292,24 606,19 876,,1,14,15
70,Враца,706236,49 074,54 422,59 061,69 406,86 049,95 533,94 186,85 215,73 894,61 742,,1,21,22
71,Козлодуй,284874,19 370,19 637,20 241,20 216,18 689,23 506,23 939,24 367,21 180,18 015,,1,4,5
72,Криводол,325857,22 396,24 758,24 643,23 147,19 173,15 595,14 110,12 274,9390,7638,,1,14,15
73,Мездра,519112,30 377,31 133,32 554,33 547,33 608,31 023,28 987,25 879,21 748,17 669,,1,27,28
74,Мизия,209309,15 775,16 668,15 591,15 912,18 850,13 340,11 487,9605,7570,5692,,1,5,6
75,Оряхово,326549,22 594,24 508,24 757,23 670,21 607,19 530,17 340,15 042,11 522,8566,,1,6,7
76,Роман,301524,16 735,16 711,15 322,12 654,11 260,10 788,9147,8148,6223,4875,,1,12,13
77,Хайредин,189069,14 746,15 254,14 417,13 513,11 343,9247,8417,6985,5001,3901,,–,6,6
78,Габрово,"2 026,005",144 305,152 234,154 179,168 958,175 933,174 714,161 987,144 125,122 702,98 387,4,5,344,349
79,Габрово,555579,50 983,57 833,61 481,77 846,85 932,89 951,84 333,74 930,65 268,51 881,,1,133,134
80,Дряново,274162,16 071,16 308,15 595,16 054,16 066,14 837,13 557,11 705,9685,7650,,1,62,63
81,Севлиево,941355,60 871,60 679,59 406,56 567,55 059,51 959,47 647,43 099,35 995,29 676,,1,45,46
82,Трявна,254909,16 380,17 414,17 697,18 491,18 876,17 967,16 450,14 391,11 754,9180,,2,104,106
83,Добрич,"4 719,713",179 084,201 252,226 738,236 777,251 072,257 783,232 780,215 217,189 677,150 146,8,6,209,215
84,Балчик,524153,15 475,17 805,22 092,23 538,24 254,23 990,22 367,22 354,20 317,15 958,,1,21,22
85,Генерал Тошево,982238,26 311,29 330,36 089,37 081,31 264,26 384,22 931,19 422,15 097,11 114,,1,41,42
86,Добрич,109018,30 381,32 671,43 951,56 626,88 233,109 142,104 494,100 000,91 030,16 764,,1,–,1
87,Добрич-селска,"1 296,163",47 559,51 426,49 538,46 147,39 068,33 370,28 710,25 721,22 081,73 895,,–,68,68
88,Каварна,481367,13 419,15 571,18 554,19 375,19 709,19 109,18 044,16 688,15 358,13 308,,1,20,21
89,Крушари,417458,16 107,17 896,15 184,13 465,10 657,8613,7243,5924,4547,3146,,–,19,19
90,Тервел,579677,21 205,26 140,30 214,29 895,28 626,28 711,21 483,18 728,16 178,11 951,,1,25,26
91,Шабла,329639,8627,10 413,11 116,10 650,9261,8464,7508,6380,5069,4010,,1,15,16
92,Кърджали,"3 210,552",164 913,195 844,225 294,267 657,273 507,289 376,203 251,164 019,152 808,141 177,7,5,463,468
93,Ардино,338848,27 533,30 609,29 407,33 185,29 507,27 698,18 174,13 649,11 572,11 318,,1,51,52
94,Джебел,229079,13 769,16 122,17 493,22 798,21 622,22 851,10 994,8661,8167,8375,,1,46,47
95,Кирково,537871,21 460,25 975,29 899,36 421,38 917,42 201,33 112,24 220,21 916,20 442,,–,72,72
96,Крумовград,843319,27 472,33 550,39 161,43 090,44 544,44 146,31 268,19 907,17 823,16 909,,1,79,80
97,Кърджали,574742,41 625,48 737,63 364,82 846,92 778,105 993,76 155,69 830,67 460,62 005,,1,117,118
98,Момчилград,358124,18 482,23 064,26 911,31 319,29 790,31 227,20 836,17 185,16 263,14 353,,1,48,49
99,Черноочене,328569,14 572,17 787,19 059,17 998,16 349,15 260,12 712,10 567,9607,7775,,–,50,50
100,Кюстендил,"3 072,007",190 996,203 381,197 286,200 974,198 876,191 463,181 347,162 534,136 686,111 736,9,7,175,182
101,Бобов дол,206188,14 971,16 584,17 772,18 119,15 942,14 453,13 655,11 755,9067,6862,,1,17,18
102,Бобошево,135142,10 697,11 691,10 199,8297,6556,5326,4620,3695,2870,2348,,1,11,12
103,Дупница,329059,34 960,39 989,44 569,53 141,58 185,57 310,55 737,51 471,44 988,37 795,,1,16,17
104,Кочериново,182306,13 977,15 159,14 397,13 033,10 206,8617,7500,6607,5214,4260,,1,10,11
105,Кюстендил,979915,65 575,66 951,64 880,71 336,79 756,81 525,78 328,70 573,60 681,49 080,,1,71,72
106,Невестино,439686,21 650,22 877,18 336,13 904,9489,7266,5894,4466,2821,1824,,–,23,23
107,Рила,360960,5987,7144,7498,6650,5818,4918,4410,3844,2888,2442,,1,4,5
108,Сапарева баня,180921,11 507,12 769,12 331,11 876,9923,9841,9544,8981,7528,6691,,1,4,5
109,Трекляно,257830,11 672,10 217,7304,4618,3001,2207,1659,1142,629,434,,–,19,19
110,Ловеч,"4 128,764",208 444,215 925,213 319,217 217,216 844,204 268,190 262,169 951,141 422,116 394,8,8,102,110
111,Априлци,238256,9544,9901,8861,6806,6203,5363,4720,4137,3338,2786,,1,3,4
112,Летница,177719,10 753,10 892,9494,8630,8043,7202,6752,5607,3776,3632,,1,3,4
113,Ловеч,946284,62 163,64 662,63 337,70 477,75 236,73 017,69 423,62 165,49 738,38 699,,1,34,35
114,Луковит,453408,33 354,34 082,32 597,30 923,28 877,25 878,23 783,21 466,18 125,15 761,,1,11,12
115,Тетевен,697161,18 421,20 751,24 888,26 315,26 661,26 863,25 952,23 768,21 307,17 970,,1,12,13
116,Троян,888839,38 647,39 701,41 752,45 962,47 231,45 338,41 284,37 345,32 399,26 884,,1,21,22
117,Угърчин,523103,24 703,25 113,22 285,18 080,15 182,12 128,10 816,8561,6505,5035,,1,10,11
118,Ябланица,203994,10 859,10 823,10 105,10 024,9411,8479,7532,6902,6234,5627,,1,8,9
119,Монтана,"3 634,237",227 561,241 651,243 057,242 588,236 903,222 756,208 198,182 258,148 098,119 950,11,8,122,130
120,Берковица,463705,25 324,27 020,27 684,26 754,28 639,26 536,24 999,22 664,18 803,14 501,,1,19,20
121,Бойчиновци,308334,20 643,22 208,23 489,22 658,19 838,15 692,14 247,12 258,9272,7712,,1,12,13
122,Брусарци,194434,13 390,14 465,13 885,13 067,10 818,9083,8069,6826,5078,4096,,1,9,10
123,Вълчедръм,431514,27 471,28 723,27 261,25 190,21 951,18 293,15 858,13 146,9900,7698,,1,10,11
124,Вършец,240112,11 728,12 692,12 743,11 654,12 119,11 481,11 066,9870,8203,6927,,1,9,10
125,Георги Дамяново,297594,13 132,12 799,11 669,10 690,8739,6545,5558,4461,2771,2018,,–,13,13
126,Лом,323882,36 605,38 368,39 985,43 062,43 672,42 879,40 260,35 077,28 139,21 248,,1,9,10
127,Медковец,191089,12 110,12 746,12 548,11 229,9463,7687,6855,5661,4029,3085,,–,5,5
128,Монтана,675715,41 858,45 913,48 252,53 952,61 964,68 827,67 365,61 422,53 856,46 271,,1,23,24
129,Чипровци,286881,11 424,11 779,11 482,11 762,9148,7678,6817,4988,3715,2859,,1,9,10
130,Якимово,220977,13 876,14 938,14 059,12 570,10 552,8055,7104,5885,4332,3535,,–,4,4
131,Пазарджик,"4 479,907",211 451,244 385,277 198,296 641,314 006,326 188,326 123,310 723,275 548,229 814,12,13,104,117
132,Батак,677310,8159,8779,13 758,10 542,9445,8585,7639,7189,6144,4869,,1,2,3
133,Белово,346356,12 416,13 405,14 184,15 021,14 724,14 191,12 428,11 069,8891,7324,,1,7,8
134,Брацигово,229425,13 041,14 790,15 643,15 441,14 618,13 411,12 514,11 596,9648,7355,,1,6,7
135,Велинград,604471,16 938,20 299,27 534,30 640,35 380,37 564,38 281,37 728,35 757,32 951,,1,20,21
136,Лесичово,209430,12 766,13 576,12 239,10 701,9444,8030,7289,6633,5408,4695,,–,7,7
137,Пазарджик,636722,65 067,78 671,88 904,106 559,118 160,128 974,133 685,127 900,114 817,91 368,,1,31,32
138,Панагюрище,598913,24 781,27 350,28 503,31 791,33 146,33 825,32 599,29 818,25 263,22 084,,1,9,10
139,Пещера,158418,10 970,12 955,18 314,17 940,20 558,22 029,22 233,22 037,18 899,14 742,,1,2,3
140,Ракитово,246438,8865,9861,12 095,12 825,13 925,15 031,15 764,15 868,15 064,13 490,,2,1,3
141,Септември,349372,27 886,31 818,33 356,32 725,33 092,33 107,32 263,29 872,25 794,21 795,,2,13,15
142,Стрелча,224460,9589,10 563,9657,8240,7527,6902,6650,6019,4913,4409,,1,4,5
143,Сърница,198592,981,2318,3011,4216,3987,4539,4778,4994,4950,4732,,1,2,3
144,Перник,"3 394,221",155 573,169 042,179 319,180 199,173 828,179 923,163 307,149 832,133 530,114 162,6,6,165,171
145,Брезник,404038,20 535,20 377,17 475,14 599,12 582,10 994,10 250,8532,6945,5800,,1,34,35
146,Земен,247077,14 100,13 873,11 470,8601,6935,5652,5134,4139,2762,2013,,1,17,18
147,Ковачевци,144945,10 410,9640,6906,4636,3429,2668,2583,2155,1600,1262,,–,10,10
148,Перник,484213,42 617,59 593,91 081,109 724,113 890,117 615,111 244,104 625,97 181,84 347,,2,22,24
149,Радомир,540488,39 131,39 130,33 785,29 739,27 217,28 072,27 206,24 754,20 896,17 238,,1,31,32
150,Трън,573460,28 780,26 429,18 602,12 900,9775,7922,6890,5627,4146,3502,,1,51,52
151,Плевен,"4 653,324",314 304,345 507,356 993,366 347,372 703,362 398,346 614,311 985,269 752,226 120,11,14,109,123
152,Белене,285046,14 342,15 785,18 829,15 897,14 683,13 241,13 857,12 581,10 318,7803,,1,5,6
153,Гулянци,459201,29 481,32 359,31 443,29 877,25 588,22 299,20 135,16 752,12 336,9540,,1,11,12
154,Долна Митрополия,674897,42 771,46 877,45 222,42 424,38 409,32 196,29 087,25 311,20 064,16816,,2,14,16
155,Долни Дъбник,307569,22 726,24 413,24 000,24 555,21 653,18 634,17 377,15 701,11 670,9956,,1,6,7
156,Искър,243899,16 323,17 972,17 644,15 893,13 683,11 507,10 228,9107,6884,5686,,1,3,4
157,Кнежа,317812,22 334,23 830,23 012,22 269,22 031,20 196,18 640,17 079,13803,12 937,,1,3,4
158,Левски,414692,31 463,34 303,34 434,36 387,34 410,31 128,29 127,25 995,19 938,15 426,,1,12,12
159,Никопол,416582,24 328,26 301,23 939,22 732,20 812,17 785,15 840,13 656,9305,6958,,1,13,14
160,Плевен,809712,75 875,86 245,100 779,118 841,145 380,162 076,160 480,149 142,131 152,113 131,,2,23,25
161,Пордим,238132,16 380,17 485,16 672,15 392,13 041,10 553,9607,8179,6426,4892,,1,7,8
162,Червен бряг,485782,40 615,43 767,44 031,44 349,45 044,42 979,40 876,35 561,27 856,22 975,,2,12,14
163,Пловдив,"5 993,524",452 099,520 567,571 012,656 985,727 010,761 626,739 694,715 816,683 027,634 497,18,18,194,212
164,Асеновград,665391,48 094,54 127,55 590,64 564,68 962,72 451,69 109,67 235,64 034,57 601,,1,28,29
165,Брезово,465405,23 981,23 973,20 815,16 886,14 049,11 503,10 396,8837,7298,6170,,1,15,16
166,Калояново,347452,23 526,25 114,24 588,21 786,19 032,16 671,15 144,13 649,11 879,10 598,,–,15,15
167,Карлово,"1 059,182",45 876,50 312,54 910,64 177,68 754,68 341,64 595,59 292,42 480,46 784,,4,23,27
168,Кричим,54895,4515,6026,6992,9600,8687,9441,8761,8535,8409,7245,,1,–,1
169,Куклен,148375,8143,8554,7147,7499,7794,7281,6408,6556,6431,6276,,1,5,6
170,Лъки,292511,4640,5169,6193,7912,6333,6067,5199,4044,2902,2220,,1,10,11
171,Марица,342657,23 642,27 283,30 197,30 762,32 392,32 498,32 130,32 332,32 438,32 154,,–,19,19
172,Перущица,48719,5536,6284,5975,6138,5875,5720,5586,5387,5058,4298,,1,–,1
173,Пловдив,101981,101 265,128 589,164 853,229 043,299 638,342 050,341 058,338 224,338 153,319 612,,1,–,1
174,Първомай,521590,41 210,43 976,43 635,41 025,39 263,36 785,34 650,31 160,25 883,21 807,,1,16,17
175,Раковски,263963,21 916,25 823,27 508,28 463,27 873,29 784,28 522,28 383,26 381,25 893,,1,6,7
176,Родопи,523729,30 157,34 248,33 069,35 903,37 515,36 110,34 983,34 259,26 171,32 689,,–,21,21
177,Садово,192859,17 683,19 716,19 804,20 043,19 384,17 922,17 007,16 786,15 604,14 766,,1,11,12
178,Сопот,56003,3312,4602,6098,8266,10 535,12 152,11 774,10 986,9827,8375,,1,1,2
179,Стамболийски,61270,6591,10 095,16 024,21 967,22 585,23 153,23 064,22 303,20 771,18 107,,1,4,5
180,Съединение,297992,17 427,19 905,20 273,18 689,16 517,14 358,13 348,12 182,10 450,9310,,1,9,10
181,Хисаря,549550,24 585,26 771,27 341,24 262,21 819,19 339,17 960,15 666,12 600,10 592,,1,11,12
182,Разград,"2 430,661",182 437,182 166,185 838,197 192,201 894,194 868,167 410,152 417,125 190,103 223,7,6,97,103
183,Завет,273872,17 261,17 961,17 977,18 624,17 649,16 184,13 637,12 333,10 586,8046,,1,6,7
184,Исперих,402244,27 580,29 029,32 499,34 607,34 967,34 045,27 936,25 287,22 692,19 138,,1,23,24
185,Кубрат,439934,28 154,29 532,32 541,34 783,34 044,32 428,27 697,24 124,18 355,14 228,,1,16,17
186,Лозница,240613,28 245,26 642,24 483,22 927,21 651,19 281,16 704,15 067,9265,7699,,1,15,16
187,Разград,655428,48 546,46 130,47 242,55 198,64 930,68 529,61 847,58 874,51 095,43 658,,1,21,22
188,Самуил,250288,16 233,15 765,15 668,15 873,14 865,12 527,9585,8164,7005,5885,,–,14,14
189,Цар Калоян,168282,16 418,17 107,15 428,15 180,13 788,11 874,10 004,8568,6192,4569,,1,2,3
190,Русе,"2 895,954",217 105,226 567,246 552,283 992,303 127,315 373,288 702,266 157,235 252,193 483,8,9,74,83
191,Борово,252227,13 440,14 708,13 761,13 199,11 827,9748,8889,7905,6101,4068,,1,6,7
192,Бяла,352032,21 427,22 227,23 059,22 688,21 655,20 268,19 348,17 004,13 467,10 536,,1,10,11
193,Ветово,353002,28 941,27 793,25 894,26 313,24 738,22 758,21 017,17 774,12 450,9952,,3,3,6
194,Две могили,342295,21 097,22 262,20 890,19 404,16 876,15 124,14 027,12 116,9442,7018,,1,11,12
195,Иваново,490748,23 361,23 946,20 212,19 489,17 314,14 656,13 089,11 092,9429,7651,,–,13,13
196,Русе,570624,74 873,79 294,107 653,148 988,179 917,205 639,188 473,178 379,167 585,141 356,,2,12,14
197,Сливо поле,276822,17 940,18 160,18 693,18 819,17 943,16 301,14 387,12 912,10 855,8552,,1,10,11
198,Ценово,258204,16 056,18 177,16 390,15 092,12 857,10 879,9472,7975,5923,4350,,–,9,9
199,Силистра,"2 846,315",138 340,151 514,162 664,170 442,175 754,174 107,161 063,142 000,119 474,97 770,7,5,113,118
200,Алфатар,248566,9061,9440,9131,7804,6373,5481,4630,3990,3036,2278,,1,6,7
201,Главиница,481230,14 953,18 807,20 477,21 191,18 980,16 907,15 579,13 848,10 930,8864,,1,22,23
202,Дулово,566356,23 481,27 090,31 813,35 937,37 364,36 770,33 509,30 591,28 282,24 201,,1,26,27
203,Кайнарджа,314961,13 372,14 332,13 167,11 227,8487,6707,6128,5467,5070,3950,,–,15,15
204,Силистра,515891,42 108,43 523,46 227,55 452,69 023,75 802,71 889,61 942,51 386,41 766,,1,18,19
205,Ситово,270966,12 932,14 974,15 111,13 090,10 829,8987,7554,6856,5396,4533,,–,12,12
206,Тутракан,448345,22 433,23 348,26 738,25 741,24 698,23 453,21 774,19 306,15 374,12 178,,1,14,15
207,Сливен,"3 544,066",154 324,169 230,188 373,217 170,230 827,237 764,234 785,218 474,197 493,172 690,4,6,104,110
208,Котел,858082,21 473,23 482,24 937,26 996,27 469,26 379,23 944,21 645,19 391,15 919,,1,21,22
209,Нова Загора,876858,47 720,50 891,52 706,55 793,53 007,51 684,49 566,45 754,39 010,30 569,,1,32,33
210,Сливен,"1 366,630",73 074,80 913,94 296,114 763,132 285,142 483,144 060,136 148,125 268,112 890,,2,43,45
211,Твърдица,442496,12 057,13 944,16 434,19 618,18 066,17 218,17 215,14 927,13 804,13 312,,2,8,10
212,Смолян,"3 192,846",90 634,103 484,135 949,149 537,155 719,156 990,154 553,140 066,121 752,96 284,10,8,232,240
213,Баните,301165,10 562,12 300,13 550,12 196,10 064,9127,8200,7765,4923,3302,,–,20,20
214,Борино,173204,2286,2784,3253,4192,3899,4325,4329,4109,3641,2493,,–,5,5
215,Девин,573684,9404,12 029,14 696,15 986,16 364,17 067,16 575,15 010,13 013,9765,,1,15,16
216,Доспат,282697,4140,5372,6370,8696,8845,9754,10 489,10 276,9116,7510,,1,7,8
217,Златоград,171537,6344,8164,13 015,15 636,14 824,15 737,15 592,14 042,12 321,9768,,1,8,9
218,Мадан,174951,6011,7409,21 508,22 956,20 634,18 871,16 834,13 812,12 276,10 062,,1,43,44
219,Неделино,102252,2438,3137,3941,5083,8592,9489,9273,8715,7221,5079,,1,15,16
220,Рудозем,182919,4501,5404,12 300,13 354,12 135,12 320,12 001,10 875,10 069,8674,,1,22,23
221,Смолян,864997,33 505,34 959,35 531,40 331,48 561,49 227,50 705,47 230,41 452,33 688,,1,85,86
222,Чепеларе,365440,11 443,11 926,11 785,11 107,11 801,11 073,10 555,9232,7720,5943,,1,12,13
223,Софийска област,"7 081,366",295 878,311 986,313 467,306 920,312 997,290 583,289 962,273 240,247 489,231 989,22,18,266,284
224,Антон,76098,1648,2261,2087,2176,2176,2008,1873,1806,1599,1464,,–,1,1
225,Божурище,142884,7903,9049,7717,8209,8851,8758,7453,7985,8473,9463,,1,9,10
226,Ботевград,518951,27 877,28 883,28 101,30 240,36 113,39 343,38 316,35 939,33 175,31 238,,1,12,13
227,Годеч,374680,14 832,14 861,13 189,10 310,9021,8143,7545,6604,5375,4927,,1,19,20
228,Горна Малина,295378,13 623,13 469,12 864,11 043,9809,8429,7552,7062,6209,6175,,–,14,14
229,Долна баня,66854,3560,3858,4314,4292,4891,5047,5158,4787,4522,4248,,1,1,2
230,Драгоман,323862,17 187,16 830,15 600,12 834,10 058,8661,7504,6632,5362,4613,,1,33,34
231,Елин Пелин,452088,22 625,22 610,25 428,26 954,27 991,26 945,24 791,24 072,22 841,23 104,,1,18,19
232,Етрополе,371716,9417,10 509,11 768,13 757,14 262,15 180,15 178,13 733,12 047,10 888,,1,9,10
233,Златица,163306,5427,5914,6474,7146,7730,6837,6706,6689,5837,4966,,1,3,4
234,Ихтиман,541775,22 315,23 344,24 819,21 063,20 738,20 218,19 074,19 303,17 720,17 397,,1,27,28
235,Копривщица,139165,2326,2475,3154,3211,3316,3255,3132,2669,2410,1957,,1,–,1
236,Костенец,302073,14 758,15 968,16 608,16 447,17 254,17 112,16 532,15 142,12 793,11 062,,2,7,9
237,Костинброд,254412,14 210,15 442,15 635,18 649,19 715,19 321,17 951,18 015,17 846,17 824,,1,13,14
238,Мирково,207876,6916,6977,6199,5453,4857,4106,3534,3179,2540,2337,,–,11,11
239,Пирдоп,152435,4579,4936,6776,9559,10 801,10 102,9579,9352,8293,7281,,1,1,2
240,Правец,316715,15 467,14 623,12 196,9835,8916,9492,10 472,8995,7569,7131,,1,10,11
241,Самоков,"1 209,859",43 146,48 344,49 869,47 805,49 405,47 753,45 951,42 313,38 089,34 864,,1,27,28
242,Своге,868619,33 045,35 963,35 528,33 089,31 459,29 044,26 987,25 409,22 363,19 427,,1,37,38
243,Сливница,187433,11 088,11 893,11 506,11 006,11 871,11 959,11 326,10 422,9681,8987,,1,12,13
244,Чавдар,70797,2138,2132,1852,1888,1858,1654,1569,1422,1272,1180,,–,1,1
245,Челопеч,44390,1791,1705,1783,1954,2205,2216,1779,1710,1473,1456,,–,1,1
246,София,"1 348,902",400 705,525 710,724 603,905 287,1 076 741,1 201 719,1 190 126,1 170 842,1 291 591,1 274 290,1,4,34,38
247,Столична община,"1 348,902",400 705,525 710,724 603,905 287,1 076 741,1 201 719,1 190 126,1 170 842,1 291 591,1 274 290,1,4,34,38
248,Стара Загора,"5 156,885",289 411,308 405,324 362,362 018,396 766,411 990,397 339,370 615,333 265,296 507,11,11,195,206
249,Братя Даскалови,487956,29 583,30 245,25 498,20 893,16 723,13 359,12 393,11 065,9677,7266,,–,23,23
250,Гурково,292261,6234,6501,7428,7337,6694,6452,6160,5676,5127,4420,,1,10,11
251,Гълъбово,348895,18 815,19 626,19 350,23 038,21 287,20 313,17 740,16 182,13 394,10 967,,1,10,11
252,Казанлък,634781,39 848,44 503,53 865,67 818,83 579,91 279,88 761,81 533,72 581,65 721,,3,17,20
253,Мъглиж,388884,15 949,15 958,16 082,16 186,15 618,14 078,13 777,12 973,10 180,9992,,1,14,15
254,Николаево,96524,5435,5462,5483,6282,6385,5608,5302,4948,4346,4194,,1,3,4
255,Опан,257476,12 870,13 795,13 059,10 069,7092,5754,4859,4142,2950,2418,,–,13,13
256,Павел баня,518675,20 011,19 827,19 547,19 762,20 498,19 464,16 950,15 891,14 186,12 594,,1,12,13
257,Раднево,545145,26 612,28 247,27 671,31 597,30 949,27 335,26 244,24 280,20 079,16585,,1,23,24
258,Стара Загора,"1 063,418",77 480,84 926,97 710,123 936,153 664,176 861,175 451,167 661,160 108,144 213,,1,51,52
259,Чирпан,522870,36 574,39 315,38 219,35 100,34 277,31 487,29 702,26 264,21 637,18 137,,1,19,20
260,Търговище,"2 710,286",171 586,174 956,163 956,170 210,172 288,165 943,151 339,137 689,120 818,98 144,5,5,189,194
261,Антоново,478775,25 369,25 984,19 211,14 715,12 107,10 038,8697,7593,6262,4606,,1,58,59
262,Омуртаг,400831,27 238,30 527,30 430,33 051,32 772,30 446,27 000,25 212,21 853,16 144,,1,41,42
263,Опака,157352,12 119,12 966,11 942,11 359,10 101,9526,8986,7786,6664,5487,,1,5,6
264,Попово,832899,56 371,57 028,54 229,52 278,49 155,44 899,40 968,36 208,28 775,22 834,,1,34,35
265,Търговище,840429,50 489,48 451,48 144,58 807,68 153,71 034,65 688,60 890,57 264,49 073,,1,51,52
266,Хасково,"5 533,292",263 853,283 619,321 284,331 744,330 132,335 081,306 058,277 478,246 238,211 565,11,10,251,261
267,Димитровград,567603,41 065,45 555,71 660,76 168,75 494,78 841,72 818,64 852,53 557,44 632,,2,25,27
268,Ивайловград,814137,16 388,18 538,18 396,15 728,13 193,12 271,10 555,8107,6426,5161,,1,50,51
269,Любимец,344271,14 553,16 033,17 351,16 145,14 237,13 471,12 604,11 536,10 214,8940,,1,9,10
270,Маджарово,247224,6053,6415,6817,8045,5666,5116,4078,2157,1665,1484,,1,18,19
271,Минерални бани,214666,9509,10 226,9732,8289,8350,7984,7583,6838,5899,5520,,–,12,12
272,Свиленград,700315,29 311,32 169,32 397,30 557,26 996,27 159,26 704,25 375,23 004,20 764,,1,23,24
273,Симеоновград,222941,13 277,14 593,13 949,14 476,13 921,12 868,11 949,10 638,8755,7700,,1,8,9
274,Стамболово,276837,11 893,11 616,11 630,11 739,12 513,11 957,7662,5833,5934,5458,,–,26,26
275,Тополовград,710877,28 825,31 380,32 238,28 020,23 910,21 145,19 075,15 414,11 681,8941,,1,20,21
276,Харманли,694625,32 177,34 322,35 587,34 288,33 991,33 046,31 029,27 547,24 947,21 623,,1,24,25
277,Хасково,739796,60 802,62 772,71 527,88 289,101 861,111 223,102 001,99 181,94 156,81 342,,1,36,37
278,Шумен,"3 390,338",208 552,219 915,222 837,243 416,253 437,254 835,220 320,204 378,180 528,151 465,10,8,143,151
279,Велики Преслав,277626,17 253,17 026,17 989,21 092,21 565,20 028,17 682,16 276,13 382,10 424,,1,11,12
280,Венец,209911,14 231,15 546,14 355,15 161,14 329,13 212,9438,8042,7137,6103,,–,13,13
281,Върбица,456803,15 561,17 161,15 026,14 744,14 116,13 594,11 841,11 249,10 391,7724,,1,15,16
282,Каолиново,293535,19 648,20 652,20 917,22 364,20 916,19 424,13 556,12 544,12 093,10 519,,1,15,16
283,Каспичан,275056,14 024,13 554,13 119,13 355,12 612,11 490,10 483,9808,7976,6408,,2,7,9
284,Никола Козлево,264335,15 322,13 536,12 529,12 465,11 151,9967,8427,7157,6100,5262,,–,11,11
285,Нови пазар,317646,20 609,20 759,22 527,24 293,25 685,24 843,20 985,19 559,16 879,14 702,,1,15,16
286,Смядово,353767,16 085,17 424,15 709,13 889,11 753,10 469,9519,8242,6698,5502,,1,9,10
287,Хитрино,289369,17 246,18 741,17 442,16 440,14 889,12 523,8219,7045,6223,5654,,–,21,21
288,Шумен,652290,58 573,65 516,73 224,89 613,106 421,119 285,110 170,104 456,93 649,79 167,,1,26,27
289,Ямбол,"3 316,475",157 660,177 627,187 278,187 381,182 038,182 034,175 839,156 070,131 447,109 693,5,4,105,109
290,Болярово,667881,19 789,21 667,18 887,14 909,10 096,8546,7454,5638,4160,3118,,1,19,20
291,Елхово,701703,30 432,33 933,35 884,32 544,27 537,25 528,23 995,20 552,16 219,13 272,,1,21,22
292,Стралджа,676285,29 630,32 445,31 347,27 391,22 514,18 822,18 074,15 828,12 781,10 370,,1,21,22
293,Тунджа,"1 179,882",52 889,59 006,58 827,54 072,46 125,39 145,34 819,31 403,24 155,21 167,,–,44,44
294,Ямбол,90724,24 920,30 576,42 333,58 465,75 766,89 993,91 497,82 649,71 132,61 766,,1,–,1
